nombre,apellido,email,dni,activo
Rooney,Lenney,rlenney0@google.com.hk,68-824-0455,false
Cass,Bowling,cbowling1@yellowbook.com,63-413-5288,false
Roseann,Bolderoe,rbolderoe2@free.fr,06-563-9134,false
Normand,Milsap,nmilsap3@dagondesign.com,08-049-5409,true
Wainwright,Grayshan,wgrayshan4@t-online.de,93-671-6528,true
Jami,Shegog,jshegog5@icq.com,58-875-8170,false
Arabelle,Aldersey,aaldersey6@nps.gov,53-958-2863,true
Loretta,Parres,lparres7@1und1.de,67-760-8046,true
Alison,Ronchi,aronchi8@indiegogo.com,59-985-5486,true
Teri,Barus,tbarus9@stumbleupon.com,42-579-6433,true
Tracy,Crepin,tcrepina@biblegateway.com,08-394-4464,false
Vin,Corzon,vcorzonb@dagondesign.com,77-523-6149,false
Benn,Bunclark,bbunclarkc@shareasale.com,44-887-9045,true
Lanni,Fowley,lfowleyd@joomla.org,98-392-3032,false
Helenka,Beagan,hbeagane@wiley.com,14-207-8830,true
Norina,Wakley,nwakleyf@posterous.com,71-498-5688,false
Morse,Duinkerk,mduinkerkg@ed.gov,72-909-4164,false
Pincas,Uebel,puebelh@hostgator.com,55-203-7025,true
Vittoria,Pane,vpanei@hud.gov,67-478-8984,false
Kassia,Pley,kpleyj@craigslist.org,34-660-4915,false
Lethia,Rebillard,lrebillardk@wisc.edu,90-763-7704,true
Quintana,Frotton,qfrottonl@cargocollective.com,03-000-1016,false
Gil,Mayne,gmaynem@house.gov,16-440-3574,false
Yulma,Merit,ymeritn@indiegogo.com,36-614-1502,false
Chandra,Kornes,ckorneso@tinypic.com,46-786-8645,true
Heindrick,Lelievre,hlelievrep@ucla.edu,83-285-3946,false
Adaline,Antat,aantatq@netscape.com,80-109-2928,true
Alisha,Bonicelli,abonicellir@shop-pro.jp,33-885-7945,false
Carlotta,Gossipin,cgossipins@feedburner.com,97-129-6345,false
Fairleigh,Ketton,fkettont@nationalgeographic.com,58-009-5870,false
Sabina,Walklett,swalklettu@com.com,05-741-2990,true
Billie,Fiddler,bfiddlerv@yandex.ru,69-540-4220,false
Querida,Ralphs,qralphsw@topsy.com,52-574-6338,false
Elfreda,Pashbee,epashbeex@arstechnica.com,26-256-1392,false
Kamillah,Sommerland,ksommerlandy@4shared.com,44-667-6741,false
Flory,Littlefield,flittlefieldz@wired.com,05-607-8668,false
Wittie,Spearett,wspearett10@nih.gov,29-700-3368,true
Wallace,Hiorn,whiorn11@constantcontact.com,10-430-7536,true
Robbyn,Giannotti,rgiannotti12@walmart.com,85-641-7538,false
Lesya,Mateo,lmateo13@geocities.jp,97-367-1545,true
Asa,Raund,araund14@state.gov,45-242-4750,true
Sterling,Klimpt,sklimpt15@artisteer.com,59-311-2118,true
Eda,Novic,enovic16@godaddy.com,75-409-4363,true
Mallissa,Babington,mbabington17@cnet.com,74-183-9040,true
Klemens,Gummery,kgummery18@fc2.com,78-529-3826,false
Maggee,Cuxon,mcuxon19@usgs.gov,27-646-7199,false
Townie,Greenacre,tgreenacre1a@home.pl,45-041-8856,true
Charles,Verrill,cverrill1b@ed.gov,60-187-9115,false
Adelind,Stredder,astredder1c@surveymonkey.com,45-653-6306,true
Scarlet,Simcoe,ssimcoe1d@umn.edu,67-744-0267,false
Dell,Cristobal,dcristobal1e@patch.com,49-236-3506,false
Ced,Risbridger,crisbridger1f@icq.com,03-614-4948,false
Sutherlan,Goldsmith,sgoldsmith1g@msn.com,98-424-3138,false
Fay,Brownbridge,fbrownbridge1h@sohu.com,54-271-3683,true
Gretal,Taylor,gtaylor1i@cocolog-nifty.com,42-671-3478,true
Bevvy,Claiton,bclaiton1j@webmd.com,73-889-6727,false
Joelie,Antonioni,jantonioni1k@ameblo.jp,15-306-0277,true
Robbyn,Lyard,rlyard1l@mapy.cz,57-263-1397,true
Crin,Drinan,cdrinan1m@hugedomains.com,24-521-9029,false
Ally,MacAvaddy,amacavaddy1n@washington.edu,35-244-7820,true
Ophelia,Draper,odraper1o@soundcloud.com,16-292-4503,false
Iormina,O'Callaghan,iocallaghan1p@cnet.com,42-602-3753,true
Erena,Carrane,ecarrane1q@statcounter.com,83-889-0803,false
Teodor,Gethings,tgethings1r@disqus.com,93-012-6983,true
Leicester,Northbridge,lnorthbridge1s@dion.ne.jp,43-166-9429,false
Mattie,Patching,mpatching1t@cisco.com,01-714-4849,true
Claretta,Piche,cpiche1u@hatena.ne.jp,55-117-0561,true
Levon,Hartrick,lhartrick1v@patch.com,29-232-4418,true
Zolly,Elsay,zelsay1w@friendfeed.com,07-671-9958,false
Gabriello,Candwell,gcandwell1x@tinyurl.com,59-766-2608,true
Elisha,Rase,erase1y@economist.com,65-478-9740,true
Cosmo,Wenger,cwenger1z@cam.ac.uk,14-695-0574,false
Shayne,Van Der Weedenburg,svanderweedenburg20@howstuffworks.com,04-641-8467,true
Elfreda,Kibel,ekibel21@mashable.com,71-283-1771,true
Franciska,McPheat,fmcpheat22@techcrunch.com,81-667-0230,false
Baudoin,Mirfield,bmirfield23@shutterfly.com,19-238-8718,true
Orin,Shrimpton,oshrimpton24@trellian.com,12-283-3498,true
Margery,Povele,mpovele25@yandex.ru,06-280-9721,false
Josephine,Caherny,jcaherny26@soundcloud.com,96-543-7952,true
Dorry,Learmouth,dlearmouth27@craigslist.org,85-187-5069,false
Edwin,Sharvill,esharvill28@vkontakte.ru,37-124-8034,true
Roxana,Hatchman,rhatchman29@cyberchimps.com,21-626-7411,true
Melly,Binnion,mbinnion2a@huffingtonpost.com,00-643-0476,false
Agnesse,Chicco,achicco2b@tmall.com,76-492-1882,false
Alyson,Crosskell,acrosskell2c@opensource.org,47-447-6520,false
Durward,Drohan,ddrohan2d@fc2.com,73-087-1693,false
Doyle,Hullins,dhullins2e@parallels.com,33-277-2641,false
Korie,Doxsey,kdoxsey2f@flavors.me,06-504-8099,true
Elmira,Churchward,echurchward2g@smh.com.au,89-513-6513,false
Shannen,Amar,samar2h@digg.com,99-134-3980,false
Devy,Dering,ddering2i@jimdo.com,79-326-8331,true
Trixy,Barstowk,tbarstowk2j@buzzfeed.com,36-688-6272,true
Celestia,Winmill,cwinmill2k@pbs.org,73-438-8890,false
Tallia,Fensome,tfensome2l@howstuffworks.com,00-230-3808,true
Wilmette,McGruar,wmcgruar2m@cnet.com,70-317-1233,false
Mathew,Kubiak,mkubiak2n@theatlantic.com,84-749-3099,true
Gabrila,Kerby,gkerby2o@reuters.com,24-702-4511,true
Kamillah,Aldersea,kaldersea2p@fotki.com,87-485-1171,false
Ricky,Jose,rjose2q@ask.com,45-910-7992,true
Stewart,Chrichton,schrichton2r@skype.com,36-999-2155,false
